conformer,molecule,energy_kcal
FGG114,FGG,0.264000
FGG215,FGG,-0.806000
FGG224,FGG,0.345000
FGG252,FGG,0.890000
FGG300,FGG,-0.365000
FGG357,FGG,-0.644000
FGG366,FGG,-0.470000
FGG380,FGG,0.635000
FGG412,FGG,0.538000
FGG444,FGG,-1.509000
FGG470,FGG,0.645000
FGG55,FGG,0.900000
FGG691,FGG,0.400000
FGG80,FGG,0.962000
FGG99,FGG,-1.785000
GFA01,GFA,0.901000
GFA02,GFA,0.524000
GFA03,GFA,0.791000
GFA04,GFA,0.438000
GFA05,GFA,0.522000
GFA06,GFA,-0.212000
GFA07,GFA,-0.738000
GFA08,GFA,-0.173000
GFA09,GFA,-0.539000
GFA10,GFA,-0.635000
GFA11,GFA,-0.217000
GFA12,GFA,-0.439000
GFA13,GFA,0.108000
GFA14,GFA,-0.171000
GFA15,GFA,-0.855000
GFA16,GFA,0.695000
GGF01,GGF,0.540000
GGF02,GGF,0.943000
GGF03,GGF,0.760000
GGF04,GGF,0.702000
GGF05,GGF,1.244000
GGF06,GGF,0.797000
GGF07,GGF,0.464000
GGF08,GGF,0.481000
GGF09,GGF,0.491000
GGF10,GGF,0.015000
GGF11,GGF,-0.665000
GGF12,GGF,-0.924000
GGF13,GGF,-1.263000
GGF14,GGF,-1.560000
GGF15,GGF,-2.025000
WG01,WG,-1.748000
WG02,WG,-1.271000
WG03,WG,-0.731000
WG04,WG,-0.507000
WG05,WG,-0.446000
WG06,WG,-0.389000
WG07,WG,0.190000
WG08,WG,0.560000
WG09,WG,0.206000
WG10,WG,0.272000
WG11,WG,0.531000
WG12,WG,0.743000
WG13,WG,0.735000
WG14,WG,0.816000
WG15,WG,1.041000
WGG01,WGG,-2.805000
WGG02,WGG,-2.138000
WGG03,WGG,-0.597000
WGG04,WGG,-0.367000
WGG05,WGG,-0.359000
WGG06,WGG,-0.130000
WGG07,WGG,0.063000
WGG08,WGG,0.189000
WGG09,WGG,0.357000
WGG10,WGG,0.570000
WGG11,WGG,1.290000
WGG12,WGG,1.495000
WGG13,WGG,1.775000
WGG14,WGG,0.072000
WGG15,WGG,0.585000
CAMVES_a,CAMVES,-21.801000
CAMVES_b,CAMVES,-9.384000
CAMVES_c,CAMVES,5.370000
CAMVES_d,CAMVES,10.640000
CAMVES_e,CAMVES,-8.479000
CAMVES_f,CAMVES,-5.713000
CAMVES_g,CAMVES,-10.149000
CAMVES_h,CAMVES,2.718000
CAMVES_I,CAMVES,17.332000
CAMVES_j,CAMVES,1.896000
CAMVES_k,CAMVES,0.254000
CAMVES_l,CAMVES,7.599000
CAMVES_m,CAMVES,9.948000
CAMVES_n,CAMVES,-5.090000
CAMVES_o,CAMVES,4.861000
CHPSAR_a,CHPSAR,-8.727000
CHPSAR_b,CHPSAR,-11.846000
CHPSAR_c,CHPSAR,-6.362000
CHPSAR_d,CHPSAR,-4.703000
CHPSAR_e,CHPSAR,-0.013000
CHPSAR_f,CHPSAR,-4.721000
CHPSAR_g,CHPSAR,-4.708000
CHPSAR_h,CHPSAR,1.231000
CHPSAR_I,CHPSAR,-5.071000
CHPSAR_j,CHPSAR,-6.052000
CHPSAR_k,CHPSAR,2.221000
CHPSAR_l,CHPSAR,11.258000
CHPSAR_m,CHPSAR,18.544000
CHPSAR_n,CHPSAR,6.765000
CHPSAR_o,CHPSAR,12.183000
COHVAW_a,COHVAW,-7.374000
COHVAW_b,COHVAW,1.080000
COHVAW_c,COHVAW,-6.386000
COHVAW_d,COHVAW,-0.502000
COHVAW_e,COHVAW,-3.467000
COHVAW_f,COHVAW,-2.311000
COHVAW_g,COHVAW,0.427000
COHVAW_h,COHVAW,0.511000
COHVAW_I,COHVAW,2.094000
COHVAW_j,COHVAW,0.960000
COHVAW_k,COHVAW,-0.386000
COHVAW_l,COHVAW,-2.878000
COHVAW_m,COHVAW,4.400000
COHVAW_n,COHVAW,7.288000
COHVAW_o,COHVAW,6.544000
GS464992_a,GS464992,-15.161000
GS464992_b,GS464992,-5.540000
GS464992_c,GS464992,-6.376000
GS464992_d,GS464992,-4.756000
GS464992_e,GS464992,-3.227000
GS464992_f,GS464992,3.917000
GS464992_g,GS464992,1.320000
GS464992_h,GS464992,-4.898000
GS464992_I,GS464992,4.535000
GS464992_j,GS464992,1.677000
GS464992_k,GS464992,8.908000
GS464992_l,GS464992,16.636000
GS464992_m,GS464992,1.594000
GS464992_n,GS464992,1.314000
GS464992_o,GS464992,0.056000
GS557577_a,GS557577,-7.499000
GS557577_b,GS557577,-6.312000
GS557577_c,GS557577,0.707000
GS557577_d,GS557577,-6.362000
GS557577_e,GS557577,1.410000
GS557577_f,GS557577,-5.531000
GS557577_g,GS557577,-1.377000
GS557577_h,GS557577,4.765000
GS557577_I,GS557577,-2.080000
GS557577_j,GS557577,12.379000
GS557577_k,GS557577,8.419000
GS557577_l,GS557577,10.590000
GS557577_m,GS557577,0.410000
GS557577_n,GS557577,1.894000
GS557577_o,GS557577,-11.412000
POXTRD_a,POXTRD,-7.644000
POXTRD_b,POXTRD,-5.103000
POXTRD_c,POXTRD,-11.524000
POXTRD_d,POXTRD,-5.902000
POXTRD_e,POXTRD,5.918000
POXTRD_f,POXTRD,-5.415000
POXTRD_g,POXTRD,3.724000
POXTRD_h,POXTRD,1.753000
POXTRD_I,POXTRD,3.777000
POXTRD_j,POXTRD,1.498000
POXTRD_k,POXTRD,1.834000
POXTRD_l,POXTRD,3.206000
POXTRD_m,POXTRD,3.723000
POXTRD_n,POXTRD,5.676000
POXTRD_o,POXTRD,4.481000
SANGLI_a,SANGLI,-17.397000
SANGLI_b,SANGLI,-3.408000
SANGLI_c,SANGLI,-8.122000
SANGLI_d,SANGLI,1.409000
SANGLI_e,SANGLI,2.485000
SANGLI_f,SANGLI,12.799000
SANGLI_g,SANGLI,9.846000
SANGLI_h,SANGLI,5.416000
SANGLI_I,SANGLI,1.788000
SANGLI_j,SANGLI,0.012000
SANGLI_k,SANGLI,-0.701000
SANGLI_l,SANGLI,-4.189000
SANGLI_m,SANGLI,-3.555000
SANGLI_n,SANGLI,10.157000
SANGLI_o,SANGLI,-6.541000
YIVNOG_a,YIVNOG,-3.001000
YIVNOG_b,YIVNOG,-8.861000
YIVNOG_c,YIVNOG,-0.725000
YIVNOG_d,YIVNOG,11.275000
YIVNOG_e,YIVNOG,6.225000
YIVNOG_f,YIVNOG,-13.363000
YIVNOG_g,YIVNOG,-1.475000
YIVNOG_h,YIVNOG,3.675000
YIVNOG_I,YIVNOG,-1.783000
YIVNOG_j,YIVNOG,12.156000
YIVNOG_k,YIVNOG,-2.645000
YIVNOG_l,YIVNOG,-6.951000
YIVNOG_m,YIVNOG,0.814000
YIVNOG_n,YIVNOG,8.967000
YIVNOG_o,YIVNOG,-4.307000
